{"id":"d614f160-6a77-11e9-a69b-0242ac110002","name":"Demo App","key":"demo-app-1","description":"","editorJson":{"models":[{"id":"d5fe0eff-6a77-11e9-a69b-0242ac110002","name":"DNA Afstamming","version":1,"modelType":0,"description":"Proces voor de ondersteuning van afstammingsbepaling door het lab","stencilSetId":null,"createdBy":"admin","lastUpdatedBy":"admin","lastUpdated":"2019-04-29T12:10:53.497+0000"},{"id":"d5ed1f0e-6a77-11e9-a69b-0242ac110002","name":"Import Hond","version":1,"modelType":0,"description":"Importeer een buitenlandse hond","stencilSetId":null,"createdBy":"admin","lastUpdatedBy":"admin","lastUpdated":"2019-04-29T12:10:52.930+0000"}],"theme":"theme-8","icon":"glyphicon-heart"}}